{
  "bluemsx_libretro":{
    "name": "blueMSX",
    "extensions": "col",
    "systems": [44]
  },
  "bluemsx_libretro":{
    "name": "blueMSX",
    "extensions": "sg",
    "systems": [33]
  },
  "bsnes_mercury_balanced_libretro":{
    "name": "bsnes-mercury (Balanced)",
    "systems": [3]
  },
  "bsnes_mercury_performance_libretro":{
    "name": "bsnes-mercury (Performance)",
    "systems": [3]
  },
  "desmume_libretro":{
    "name": "DeSmuME",
    "systems": [18]
  },
  "fbalpha_libretro":{
    "name": "FB Alpha",
    "extensions": "zip",
    "deprecated": "FB Alpha is no longer maintained. Please use FinalBurn Neo.",
    "systems": [27]
  },
  "fbneo_libretro":{
    "name": "FinalBurn Neo",
    "extensions": "zip",
    "systems": [27]
  },
  "fceumm_libretro":{
    "name": "FCEUmm",
    "systems": [7]
  },
  "gambatte_libretro":{
    "name": "Gambatte",
    "systems": [4,6]
  },
  "gearboy_libretro":{
    "name": "Gearboy",
    "systems": [4,6]
  },
  "gearsystem_libretro":{
    "name": "Gearsystem",
    "extensions": "bin|sms|rom",
    "systems": [1,11]
  },
  "gearsystem_libretro":{
    "name": "Gearsystem",
    "extensions": "gg|sg",
    "systems": [15]
  },
  "genesis_plus_gx_libretro":{
    "name": "Genesis Plus GX",
    "extensions": "bin|gen|smd|md|sms",
    "systems": [1,11]
  },
  "genesis_plus_gx_libretro":{
    "name": "Genesis Plus GX",
    "extensions": "gg|sg",
    "systems": [15]
  },
  "genesis_plus_gx_libretro":{
    "name": "Genesis Plus GX",
    "extensions": "cue|iso",
    "systems": [9]
  },
  "handy_libretro":{
    "name": "Handy",
    "systems": [13]
  },
  "mednafen_gba_libretro":{
    "name": "Mednafen VBA-M",
    "systems": [5]
  },
  "mednafen_ngp_libretro":{
    "name": "Mednafen NeoPop",
    "systems": [14]
  },
  "mednafen_pce_fast_libretro":{
    "name": "Beetle PCE Fast",
    "extensions": "pce|cue",
    "systems": [8]
  },
  "mednafen_psx_libretro":{
    "name": "Beetle PSX",
    "extensions": "m3u|cue",
    "systems": [12]
  },
  "mednafen_saturn_libretro":{
    "name": "Beetle Saturn",
    "extensions": "m3u|cue",
    "systems": [39]
  },
  "mednafen_supergrafx_libretro":{
    "name": "Mednafen SuperGrafX",
    "extensions": "pce|sgx|cue",
    "systems": [8]
  },
  "mednafen_vb_libretro":{
    "name": "Mednafen VB",
    "systems": [28]
  },
  "mednafen_wswan_libretro":{
    "name": "Mednafen WonderSwan",
    "systems": [53]
  },
  "mgba_libretro":{
    "name": "mGBA",
    "extensions": "gba",
    "systems": [5]
  },
  "pcsx_rearmed_libretro":{
    "name": "PCSX-ReARMed",
    "extensions": "m3u|cue",
    "systems": [12],
    "platforms": "win64"
  },
  "picodrive_libretro":{
    "name": "PicoDrive",
    "extensions": "bin|gen|smd|md|sms",
    "systems": [1,11]
  },
  "picodrive_libretro":{
    "name": "PicoDrive",
    "extensions": "bin",
    "systems": [10]
  },
  "pokemini_libretro":{
    "name": "PokeMini",
    "systems": [24]
  },
  "prosystem_libretro":{
    "name": "ProSystem",
    "systems": [51]
  },
  "snes9x_libretro":{
    "name": "Snes9x",
    "systems": [3]
  },
  "stella_libretro":{
    "name": "Stella",
    "systems": [25]
  },
  "vba_next_libretro":{
    "name": "VBA Next",
    "systems": [5]
  },
  "virtualjaguar_libretro":{
    "name": "Virtual Jaguar",
    "systems": [17]
  }
}
